{"glyphs":{"A":{"ha":722},"B":{"ha":667},"C":{"ha":722},"D":{"ha":722},"E":{"ha":667},"F":{"ha":611},"G":{"ha":778},"H":{"ha":778},"I":{"ha":389},"J":{"ha":500},"K":{"ha":778},"L":{"ha":667},"M":{"ha":944},"N":{"ha":722},"O":{"ha":778},"P":{"ha":611},"Q":{"ha":778},"R":{"ha":722},"S":{"ha":556},"T":{"ha":667},"U":{"ha":722},"V":{"ha":722},"W":{"ha":1000},"X":{"ha":722},"Y":{"ha":722},"Z":{"ha":667},"a":{"ha":556},"b":{"ha":611},"c":{"ha":556},"d":{"ha":611},"e":{"ha":556},"f":{"ha":333},"g":{"ha":611},"h":{"ha":611},"i":{"ha":278},"j":{"ha":278},"k":{"ha":556},"l":{"ha":278},"m":{"ha":889},"n":{"ha":611},"o":{"ha":611},"p":{"ha":611},"q":{"ha":611},"r":{"ha":389},"s":{"ha":556},"t":{"ha":333},"u":{"ha":611},"v":{"ha":556},"w":{"ha":778},"x":{"ha":556},"y":{"ha":556},"z":{"ha":500}},"familyName":"Optimer","ascender":1069,"descender":-293,"underlinePosition":-150,"underlineThickness":50,"boundingBox":{"yMin":-292,"xMin":-167,"yMax":1077,"xMax":1116},"resolution":1000,"original_font_information":{"format":0,"copyright":"Typeface © The Font Company. 2001. All Rights Reserved","fontFamily":"Optimer","fontSubfamily":"Regular"},"cssFontWeight":"normal","cssFontStyle":"normal"}
