{
  "$schema": "https://ui.shadcn.com/schema.json",
  "style": "default",
  "rsc": false,
  "tsx": true,
  "tailwind": {
    "config": "tailwind.config.ts",
    "css": "src/index.css",
    "baseColor": "slate",
    "cssVariables": true,
    "prefix": "",
    "purge": true,
    "jit": true,
    "darkMode": "class"
  },
  "aliases": {
    "components": "@/components",
    "utils": "@/lib/utils",
    "ui": "@/components/ui",
    "lib": "@/lib",
    "hooks": "@/hooks"
  },
  "metadata": {
    "description": "Configuración avanzada para TAMV MD-X4™, ecosistema híbrido cuántico-clásico, alta resiliencia y escalabilidad.",
    "version": "1.0.0",
    "lastUpdated": "2025-10-12T14:50:00Z",
    "author": "Edwin Oswaldo Castillo Trejo (Anubis Villaseñor)"
  },
  "validation": {
    "strict": true,
    "ignoreUnknownProperties": false,
    "requiredFields": ["style", "tailwind", "rsc", "tsx", "aliases"]
  },
  "performance": {
    "cacheStrategy": "immutable",
    "preloadCSS": true,
    "optimizeCSS": true,
    "lazyComponents": true
  }
}
