
{
  "glyphs": {},
  "familyName": "helvetiker",
  "ascender": 1193,
  "descender": -335,
  "underlinePosition": -150,
  "underlineThickness": 50,
  "boundingBox": {
    "yMin": -335,
    "xMin": -178,
    "yMax": 1193,
    "xMax": 1000
  },
  "resolution": 1000,
  "original_font_information": {
    "format": 0,
    "copyright": "Copyright (c) 2009 by Jan Gerner. All rights reserved.",
    "fontFamily": "Helvetiker",
    "fontSubfamily": "Regular",
    "uniqueID": "1.000;UKWN;Helvetiker-Regular",
    "fullName": "Helvetiker",
    "version": "Version 1.000",
    "postScriptName": "Helvetiker-Regular",
    "trademark": "",
    "manufacturer": "Jan Gerner",
    "designer": "Jan Gerner",
    "vendorURL": "",
    "designerURL": "",
    "licence": "",
    "licenceURL": ""
  }
}
